class_date;user_uuid;category;trainer_id;language;level;challenge_id;country;subscription_date;platform;class_id;stars
2023-10-05;195;statistics;110;en;basic;2;uk;2022-12-09;tv;6171;1
2022-12-02;63;statistics;114;en;basic;0;uk;2020-02-27;mobile;6159;3
2023-07-22;32;data_science;118;it;advanced;3;it;2022-03-07;pc;3363;3
2021-05-20;67;statistics;114;fr;basic;1;fr;2020-10-01;tv;6175;2
2023-08-18;97;data_science;109;it;basic;1;it;2021-05-21;mobile;3179;2
2021-06-16;69;statistics;113;en;advanced;0;uk;2020-08-23;tv;6314;4
2023-03-15;85;full_stack;122;fr;advanced;3;fr;2020-03-28;pc;6366;2
2022-05-05;48;statistics;120;it;basic;3;it;2020-10-21;mobile;6151;4
2023-07-13;43;statistics;106;en;advanced;0;uk;2022-09-14;mobile;6385;2
2023-01-19;54;UX;114;en;basic;0;uk;2022-05-02;tv;119;4
2023-02-01;133;full_stack;114;en;basic;3;uk;2022-07-19;mobile;6182;4
2023-01-28;108;data_analysis;107;it;advanced;3;it;2021-12-08;tv;239;3
2022-07-12;89;UX;106;it;advanced;3;it;2020-01-02;pc;1398;1
2022-06-09;233;UX;105;en;intermediate;0;uk;2021-06-11;mobile;1299;4
2022-05-28;40;statistics;114;it;intermediate;0;it;2021-09-08;pc;6261;1
2022-01-15;44;UX;104;it;basic;1;it;2020-12-09;pc;1155;2
2023-07-23;187;SEO;115;it;basic;2;it;2020-05-03;tv;6152;4
2023-12-24;215;data_science;114;fr;advanced;1;fr;2022-05-05;pc;3324;1
2023-12-13;51;statistics;116;it;basic;0;it;2022-07-09;pc;6135;1
2021-08-19;65;UX;121;fr;intermediate;0;fr;2020-05-04;tv;1270;3
2023-08-10;150;full_stack;105;en;advanced;2;uk;2021-04-01;tv;6357;3
2022-05-01;242;data_analysis;115;it;advanced;3;it;2021-10-06;tv;2314;2
2022-12-12;78;statistics;111;en;basic;2;uk;2021-02-24;pc;614;5
2023-07-20;116;UX;103;en;basic;3;uk;2021-10-09;pc;1176;3
2023-06-28;68;data_analysis;106;en;advanced;1;uk;2020-12-14;pc;2383;5
2023-03-24;125;data_science;118;en;basic;0;uk;2021-04-17;tv;3150;3
2023-09-23;86;full_stack;105;it;basic;0;it;2022-11-14;tv;6121;4
2023-08-22;27;full_stack;120;it;advanced;0;it;2021-01-12;tv;6329;1
2023-01-13;167;statistics;103;en;advanced;2;uk;2022-09-27;tv;6371;3
2022-11-17;169;data_analysis;117;it;basic;3;it;2021-06-16;tv;2166;5
2023-12-18;6;statistics;119;fr;basic;2;fr;2020-09-14;tv;6171;5
2023-04-13;28;data_analysis;111;it;advanced;3;it;2022-06-01;tv;2379;5
2022-01-24;153;statistics;106;it;advanced;0;it;2020-06-14;pc;6391;2
2022-12-16;182;data_science;114;it;basic;0;it;2020-03-14;tv;3194;3
2022-05-02;244;statistics;110;it;intermediate;1;it;2021-05-25;pc;6226;1
2023-06-03;132;statistics;117;it;basic;1;it;2022-07-25;mobile;6162;1
2022-01-21;233;statistics;111;it;advanced;2;it;2021-06-11;mobile;6365;3
2023-10-21;213;data_analysis;111;fr;advanced;3;fr;2021-09-24;mobile;2376;3
2023-11-09;44;data_science;100;fr;advanced;1;fr;2020-12-09;pc;3397;3
2023-02-01;90;data_analysis;108;en;basic;2;uk;2022-03-13;tv;2172;5
2022-05-16;205;statistics;120;it;advanced;1;it;2021-01-22;pc;6341;1
2023-07-16;54;statistics;112;fr;intermediate;2;fr;2022-05-02;tv;6223;1
2023-02-04;198;copywriting;105;fr;basic;3;fr;2021-07-04;pc;5169;3
2023-10-02;158;statistics;105;it;intermediate;0;it;2020-03-18;pc;6267;5
2023-02-04;211;statistics;110;en;intermediate;3;uk;2021-10-17;mobile;6234;5
2023-09-25;177;full_stack;115;en;advanced;0;uk;2022-03-17;pc;637;1
2022-07-04;19;full_stack;116;it;intermediate;3;it;2020-04-12;pc;6216;5
2023-10-03;105;statistics;110;en;advanced;3;uk;2022-01-25;mobile;6326;3
2023-06-10;184;data_analysis;110;it;basic;1;it;2022-08-11;pc;2156;2
2023-12-08;3;data_analysis;114;it;advanced;2;it;2020-07-22;tv;2360;3
2021-09-01;121;full_stack;110;it;basic;3;it;2020-11-03;pc;6178;3
2023-09-06;56;data_analysis;116;it;advanced;1;it;2020-09-28;pc;2342;2
2023-09-15;211;SEO;118;it;basic;0;it;2021-10-17;tv;6191;1
2023-01-18;13;statistics;115;en;basic;2;uk;2022-05-22;pc;6151;3
2023-04-16;119;data_analysis;108;it;basic;1;it;2022-08-25;pc;2136;5
2021-05-03;149;full_stack;106;en;intermediate;2;uk;2020-05-11;mobile;6227;1
2023-07-15;140;statistics;107;it;basic;1;it;2021-10-03;pc;6167;2
2021-02-20;181;data_science;107;en;advanced;1;uk;2020-12-09;tv;3376;1
2022-03-10;165;statistics;105;it;basic;1;it;2020-08-03;tv;6175;3
2021-06-02;238;statistics;108;fr;intermediate;2;fr;2020-09-16;tv;6266;4
2023-11-06;162;UX;106;en;advanced;1;uk;2022-09-06;mobile;1354;5
2022-10-28;75;UX;114;fr;basic;1;fr;2021-07-20;tv;1113;3
2023-06-21;149;statistics;101;it;basic;1;it;2020-05-11;tv;6127;1
2022-03-05;220;SEO;114;fr;intermediate;2;fr;2021-11-05;tv;6258;4
2023-07-27;161;data_science;108;fr;basic;2;fr;2021-10-23;tv;3137;2
2022-08-08;120;UX;113;fr;basic;2;fr;2021-09-23;mobile;1154;4
2021-06-01;94;statistics;122;en;advanced;0;uk;2020-03-24;pc;6355;2
2023-12-13;35;copywriting;101;it;basic;1;it;2022-07-19;mobile;5192;3
2023-02-08;234;statistics;120;en;advanced;2;uk;2021-11-19;pc;6357;2
2023-10-06;55;data_science;102;en;basic;2;uk;2020-11-28;pc;3143;1
2023-07-24;182;SEO;108;en;advanced;1;uk;2020-03-14;tv;6341;4
2023-02-03;233;UX;109;it;intermediate;0;it;2021-06-11;mobile;1281;2
2022-11-16;39;statistics;105;fr;basic;2;fr;2020-08-03;pc;6193;3
2021-02-08;238;statistics;107;fr;advanced;1;fr;2020-09-16;tv;6365;1
2023-06-01;167;statistics;119;it;advanced;0;it;2022-09-27;tv;6315;1
2023-05-02;114;statistics;117;it;intermediate;0;it;2022-07-08;tv;6229;4
2023-12-07;174;data_analysis;116;en;basic;3;uk;2022-02-12;tv;2114;3
2023-10-19;35;full_stack;122;en;advanced;3;uk;2022-07-19;mobile;6325;3
2023-06-07;174;UX;118;en;advanced;3;uk;2022-02-12;mobile;133;5
2023-04-21;207;UX;112;en;advanced;0;uk;2020-01-11;tv;1356;4
2021-09-04;91;statistics;101;it;advanced;2;it;2020-03-02;mobile;6369;3
2022-05-19;121;statistics;110;en;basic;1;uk;2020-11-03;pc;6110;1
2023-12-08;234;statistics;103;fr;basic;1;fr;2021-11-19;mobile;6172;3
2023-10-27;37;data_analysis;109;en;advanced;3;uk;2021-09-04;mobile;2377;5
2023-11-19;142;data_analysis;103;it;basic;3;it;2022-05-20;pc;2145;5
2022-08-18;42;full_stack;110;it;basic;3;it;2021-03-06;tv;619;1
2023-02-03;82;data_science;112;it;basic;2;it;2022-01-21;mobile;3151;4
2023-04-16;47;statistics;109;it;basic;2;it;2022-08-10;pc;6126;2
2023-03-22;221;full_stack;110;en;basic;1;uk;2021-04-25;tv;6117;3
2023-06-17;183;statistics;110;fr;basic;3;fr;2021-08-20;tv;6194;4
2021-07-12;230;statistics;116;it;advanced;3;it;2020-01-09;pc;6356;3
2023-12-27;72;statistics;117;en;basic;2;uk;2022-10-12;pc;6151;4
2023-07-12;47;full_stack;100;en;basic;1;uk;2022-08-10;mobile;6151;3
2023-04-25;196;statistics;105;en;advanced;0;uk;2022-06-04;pc;6359;2
2021-04-02;121;data_analysis;103;it;intermediate;2;it;2020-11-03;tv;225;3
2023-01-22;103;data_analysis;113;en;intermediate;2;uk;2020-03-25;tv;2270;4
2023-12-26;8;statistics;108;it;advanced;2;it;2022-04-23;mobile;6354;3
2023-07-17;107;data_analysis;116;en;advanced;3;uk;2020-11-14;tv;2359;1
2023-02-07;136;data_science;101;it;intermediate;1;it;2021-05-07;tv;3274;5
2023-08-18;22;full_stack;115;it;advanced;1;it;2022-01-25;tv;6386;3
2021-01-15;55;UX;117;en;advanced;1;uk;2020-11-28;mobile;136;5
2022-03-27;175;statistics;112;en;basic;1;uk;2021-02-27;tv;6160;2
2023-07-20;154;data_science;106;it;basic;1;it;2022-06-27;mobile;3199;2
2023-07-12;88;data_science;106;it;intermediate;3;it;2022-11-12;tv;3279;5
2021-10-04;214;full_stack;107;it;advanced;2;it;2020-03-24;tv;6366;5
2023-08-18;56;statistics;113;en;advanced;3;uk;2020-09-28;mobile;6354;1
2023-04-11;12;full_stack;101;fr;basic;2;fr;2022-08-21;pc;6196;4
2022-11-07;136;statistics;122;it;advanced;0;it;2021-05-07;mobile;6331;4
2022-11-26;150;UX;111;it;advanced;0;it;2021-04-01;tv;1386;3
2021-10-28;187;data_analysis;118;en;intermediate;0;uk;2020-05-03;pc;2270;2
2022-09-16;164;statistics;101;it;advanced;3;it;2021-02-20;tv;6389;2
2022-10-01;87;statistics;114;en;basic;1;uk;2021-09-12;pc;619;4
2023-03-17;45;full_stack;122;it;intermediate;1;it;2022-10-16;pc;6243;4
2022-08-12;159;statistics;120;it;basic;1;it;2021-06-21;pc;6158;1
2023-08-22;13;statistics;119;fr;basic;1;fr;2022-05-22;pc;6189;1
2021-10-24;185;statistics;101;it;advanced;0;it;2020-10-21;tv;6364;1
2022-08-15;65;data_science;122;it;advanced;3;it;2020-05-04;pc;3376;1
2023-07-19;118;data_analysis;122;en;advanced;1;uk;2021-04-27;tv;2356;4
2023-12-13;177;data_science;112;it;basic;3;it;2022-03-17;tv;3152;4
2023-07-21;152;copywriting;112;en;advanced;1;uk;2021-10-01;pc;5335;5
2023-04-08;242;statistics;115;it;advanced;2;it;2021-10-06;tv;6362;2
2022-02-14;192;statistics;116;it;basic;2;it;2020-05-01;tv;6181;1
2023-10-17;134;statistics;106;en;intermediate;1;uk;2022-11-20;tv;6210;4
2022-10-02;173;SEO;112;it;intermediate;1;it;2021-12-12;pc;6287;5
2023-07-13;33;UX;114;fr;advanced;2;fr;2022-07-02;pc;131;4
2023-01-08;136;data_science;106;fr;advanced;1;fr;2021-05-07;pc;3321;2
2022-06-06;18;statistics;100;fr;basic;3;fr;2021-12-14;pc;617;3
2023-06-04;144;statistics;101;it;basic;2;it;2020-04-13;tv;6198;2
2023-09-05;70;statistics;118;fr;basic;3;fr;2021-12-03;tv;6126;5
2023-06-01;238;copywriting;104;it;advanced;1;it;2020-09-16;pc;5366;1
2021-03-25;206;statistics;117;it;basic;3;it;2020-11-07;mobile;6131;1
2021-04-18;103;full_stack;114;it;advanced;2;it;2020-03-25;pc;6385;2
2022-11-26;130;data_analysis;120;en;advanced;3;uk;2021-02-10;tv;2379;4
2022-11-17;16;statistics;114;it;basic;1;it;2020-04-02;pc;6113;2
2023-09-27;75;statistics;106;it;advanced;3;it;2021-07-20;tv;6342;1
2023-04-14;77;statistics;110;it;advanced;3;it;2020-06-01;mobile;6315;3
2022-08-18;139;statistics;112;it;advanced;2;it;2020-03-28;tv;635;1
2023-01-24;215;UX;119;en;advanced;1;uk;2022-05-05;pc;1323;4
2022-10-28;18;UX;113;en;advanced;2;uk;2021-12-14;pc;1360;5
2023-10-16;200;statistics;110;fr;advanced;0;fr;2022-03-24;mobile;6349;5
2023-02-16;2;statistics;101;it;advanced;2;it;2022-01-06;pc;6312;5
2022-11-19;130;copywriting;117;en;advanced;3;uk;2021-02-10;tv;5392;5
2023-04-06;133;data_science;115;it;basic;2;it;2022-07-19;tv;3133;5
2023-05-07;90;data_analysis;118;en;advanced;2;uk;2022-03-13;pc;2387;1
2022-09-11;224;UX;106;fr;advanced;2;fr;2020-06-04;tv;1378;5
2023-03-15;134;UX;103;it;basic;3;it;2022-11-20;pc;1135;5
2022-01-16;203;full_stack;103;it;basic;1;it;2021-03-28;tv;6183;2
2022-05-09;102;statistics;120;en;basic;2;uk;2021-05-10;tv;6119;2
2022-09-15;55;UX;101;en;intermediate;2;uk;2020-11-28;mobile;1233;1
2023-01-22;2;full_stack;113;it;intermediate;3;it;2022-01-06;mobile;6280;2
2023-12-22;50;statistics;111;it;advanced;1;it;2021-02-18;pc;6357;4
2022-07-09;166;UX;116;it;advanced;2;it;2021-07-22;pc;1367;3
2023-08-27;204;full_stack;106;it;advanced;0;it;2021-07-27;mobile;6341;3
2023-01-05;104;UX;114;fr;basic;1;fr;2022-04-11;pc;1122;5
2022-09-05;207;statistics;111;it;basic;2;it;2020-01-11;pc;6128;3
2022-07-13;23;statistics;102;en;intermediate;0;uk;2021-09-20;tv;6265;1
2023-04-10;143;copywriting;120;en;basic;0;uk;2022-05-22;pc;5189;1
2021-04-20;181;statistics;117;en;basic;3;uk;2020-12-09;mobile;618;4
2023-11-21;175;data_analysis;122;fr;intermediate;0;fr;2021-02-27;pc;2278;1
2022-06-24;60;data_science;112;en;basic;3;uk;2020-11-10;pc;3114;2
2021-12-25;48;data_science;100;fr;basic;2;fr;2020-10-21;tv;3124;3
2021-02-02;91;statistics;117;it;advanced;3;it;2020-03-02;mobile;6363;3
2023-04-09;239;data_science;114;it;advanced;3;it;2020-02-04;pc;3338;3
2023-07-19;62;data_science;118;it;advanced;3;it;2022-09-03;pc;3343;4
2023-04-28;155;UX;106;it;basic;0;it;2022-12-19;pc;1139;5
2022-08-28;48;data_science;114;en;advanced;1;uk;2020-10-21;mobile;3359;5
2023-06-06;14;data_analysis;116;en;advanced;0;uk;2021-01-14;pc;2329;1
2023-09-23;187;SEO;113;it;basic;2;it;2020-05-03;pc;6178;4
2023-07-01;213;UX;103;fr;basic;0;fr;2021-09-24;mobile;1171;2
2022-06-04;40;statistics;108;fr;basic;3;fr;2021-09-08;pc;6196;4
2023-03-11;208;copywriting;119;en;intermediate;2;uk;2022-11-20;pc;525;3
2023-04-25;57;UX;113;en;basic;2;uk;2020-07-11;tv;1175;4
2021-05-13;96;data_analysis;118;fr;advanced;3;fr;2020-12-03;pc;2370;4
2023-08-22;104;statistics;106;it;basic;0;it;2022-04-11;tv;6182;3
2023-09-23;47;UX;112;it;advanced;3;it;2022-08-10;mobile;1322;3
2023-11-10;124;statistics;122;fr;advanced;1;fr;2022-09-14;mobile;6312;5
2023-10-06;228;data_analysis;117;it;basic;2;it;2022-05-23;tv;2142;1
2021-11-17;19;UX;106;it;intermediate;3;it;2020-04-12;pc;1262;5
2023-03-23;206;statistics;122;it;advanced;3;it;2020-11-07;mobile;632;5
2023-02-27;196;SEO;100;it;advanced;0;it;2022-06-04;tv;6343;1
2023-10-25;54;statistics;112;en;basic;1;uk;2022-05-02;tv;6187;3
2023-12-17;21;statistics;111;it;intermediate;0;it;2021-07-11;pc;6274;3
2023-10-28;151;data_analysis;107;it;advanced;1;it;2020-12-02;mobile;2375;3
2021-11-25;6;data_science;107;en;intermediate;1;uk;2020-09-14;tv;3240;5
2023-05-16;133;statistics;102;en;basic;0;uk;2022-07-19;tv;6140;1
2021-07-13;115;full_stack;107;it;basic;1;it;2020-01-08;mobile;6152;3
2022-11-13;91;statistics;115;en;advanced;0;uk;2020-03-02;tv;6396;5
2023-11-03;11;copywriting;100;it;advanced;1;it;2020-11-23;tv;534;4
2023-01-25;201;data_analysis;108;fr;basic;0;fr;2022-11-25;pc;2120;3
2023-11-18;150;data_analysis;111;en;basic;3;uk;2021-04-01;mobile;2198;2
2022-06-25;159;full_stack;117;it;advanced;3;it;2021-06-21;pc;6322;3
2023-04-05;132;full_stack;117;en;advanced;1;uk;2022-07-25;mobile;632;4
2023-06-12;223;statistics;102;it;advanced;2;it;2020-12-01;mobile;6396;2
2022-06-26;113;data_analysis;107;it;intermediate;2;it;2021-01-18;tv;2278;4
2021-11-27;157;statistics;104;fr;intermediate;0;fr;2020-02-12;mobile;6261;5
2023-01-21;4;SEO;107;en;basic;2;uk;2022-05-10;tv;6156;1
2023-09-25;126;copywriting;108;it;advanced;3;it;2022-03-02;tv;5335;2
2023-07-14;74;UX;106;it;intermediate;3;it;2021-07-04;pc;1284;5
2023-04-15;55;statistics;110;it;basic;0;it;2020-11-28;mobile;6146;4
2023-10-21;13;copywriting;103;it;advanced;3;it;2022-05-22;pc;5313;2
2021-07-11;212;statistics;107;it;basic;2;it;2020-02-27;mobile;6152;5
2023-04-05;49;data_science;104;it;basic;0;it;2020-10-24;mobile;3182;1
2023-01-24;60;copywriting;115;fr;advanced;0;fr;2020-11-10;pc;5394;4
2022-09-09;224;statistics;104;it;basic;2;it;2020-06-04;pc;6121;2
2023-05-01;215;full_stack;106;it;advanced;2;it;2022-05-05;pc;6385;1
2023-01-27;86;full_stack;105;fr;advanced;3;fr;2022-11-14;pc;638;2
2021-01-25;67;SEO;117;en;advanced;1;uk;2020-10-01;tv;6357;1
2022-02-09;145;full_stack;109;fr;basic;2;fr;2020-01-13;pc;613;3
2022-06-27;242;data_science;120;en;basic;2;uk;2021-10-06;mobile;3114;1
2022-02-16;59;SEO;112;it;basic;2;it;2021-06-25;pc;6135;4
2022-09-19;85;data_science;113;en;intermediate;2;uk;2020-03-28;mobile;3226;4
2023-09-06;178;data_analysis;109;it;basic;1;it;2022-06-15;tv;2112;1
2023-05-10;87;SEO;114;it;advanced;3;it;2021-09-12;tv;631;2
2023-09-16;25;statistics;104;it;intermediate;2;it;2021-10-28;pc;6259;1
2023-09-13;225;UX;107;it;advanced;2;it;2020-12-25;pc;1315;4
2022-09-17;7;data_science;113;en;advanced;3;uk;2021-09-01;mobile;3354;4
2021-07-03;85;UX;121;en;advanced;2;uk;2020-03-28;pc;1380;3
2023-10-07;5;statistics;112;fr;advanced;1;fr;2022-01-25;mobile;639;5
2021-08-12;91;statistics;114;it;basic;3;it;2020-03-02;tv;6164;3
2023-10-09;130;data_science;121;it;basic;2;it;2021-02-10;tv;3116;2
2023-02-11;124;copywriting;119;it;basic;0;it;2022-09-14;mobile;513;1
2023-07-01;5;data_science;108;it;basic;3;it;2022-01-25;tv;3144;5
2023-04-08;36;statistics;101;en;intermediate;0;uk;2021-02-07;mobile;6238;2
2022-03-02;123;UX;119;fr;basic;2;fr;2021-09-19;pc;1126;2
2022-08-14;70;data_analysis;107;it;basic;2;it;2021-12-03;tv;2172;1
2023-10-11;135;data_analysis;111;it;advanced;3;it;2021-08-16;tv;2324;5
2022-11-10;70;UX;113;it;advanced;3;it;2021-12-03;pc;1316;1
2023-02-06;234;statistics;122;fr;basic;3;fr;2021-11-19;pc;616;5
2023-04-01;228;UX;102;fr;advanced;1;fr;2022-05-23;mobile;1333;5
2022-10-12;46;data_analysis;122;it;intermediate;3;it;2021-05-08;mobile;2281;3
2023-09-12;163;full_stack;105;en;advanced;2;uk;2022-11-28;tv;6379;2
2021-09-11;79;UX;100;it;basic;2;it;2020-12-12;tv;1147;5
2022-01-01;187;statistics;105;en;basic;2;uk;2020-05-03;pc;611;3
2022-01-28;170;statistics;119;fr;basic;0;fr;2021-10-07;tv;6195;2
2022-03-22;11;full_stack;109;it;advanced;0;it;2020-11-23;tv;6389;3
2023-04-11;106;statistics;111;it;intermediate;3;it;2022-12-23;mobile;6246;1
2023-09-04;8;data_analysis;104;it;advanced;2;it;2022-04-23;tv;2385;3
2023-05-02;72;statistics;105;fr;basic;3;fr;2022-10-12;pc;6179;3
2023-10-18;4;data_analysis;112;it;advanced;3;it;2022-05-10;tv;2351;5
2023-05-03;205;full_stack;119;it;basic;1;it;2021-01-22;tv;618;5
2023-10-09;48;data_analysis;116;en;intermediate;0;uk;2020-10-21;tv;2254;3
2022-03-01;171;statistics;106;en;basic;3;uk;2021-08-09;tv;6123;5
2023-04-11;184;UX;122;en;basic;2;uk;2022-08-11;pc;1138;3
2022-11-17;74;data_science;122;it;basic;2;it;2021-07-04;pc;3179;2
2023-07-04;51;statistics;108;it;basic;1;it;2022-07-09;mobile;612;1
2023-08-20;104;statistics;116;en;intermediate;2;uk;2022-04-11;tv;6224;5
2022-01-20;70;UX;113;it;intermediate;1;it;2021-12-03;tv;1212;1
2022-07-02;190;UX;117;en;intermediate;2;uk;2021-06-28;pc;1287;4
2021-10-24;223;statistics;109;fr;advanced;1;fr;2020-12-01;pc;6313;3
2023-06-12;217;data_analysis;108;en;intermediate;1;uk;2022-02-07;tv;2218;2
2023-01-18;126;statistics;118;en;intermediate;1;uk;2022-03-02;pc;6241;3
2023-05-22;210;UX;106;it;basic;3;it;2022-09-24;tv;1196;3
2023-05-18;33;statistics;122;it;advanced;0;it;2022-07-02;pc;6374;3
2023-07-10;44;data_science;107;en;advanced;2;uk;2020-12-09;pc;3385;3
2023-11-17;225;full_stack;116;en;basic;2;uk;2020-12-25;pc;6179;4
2021-02-17;225;statistics;109;fr;basic;1;fr;2020-12-25;tv;616;5
2022-08-17;123;UX;119;en;basic;1;uk;2021-09-19;tv;1194;2
2022-11-23;151;statistics;111;it;advanced;1;it;2020-12-02;mobile;6358;3
2023-01-27;43;data_analysis;113;it;advanced;1;it;2022-09-14;pc;2399;4
2022-11-05;218;SEO;104;fr;intermediate;2;fr;2021-02-16;tv;6230;4
2022-04-24;34;data_analysis;113;it;basic;1;it;2020-12-10;tv;2156;4
2023-01-07;208;statistics;110;en;advanced;3;uk;2022-11-20;mobile;6351;3
2022-08-12;113;statistics;118;fr;basic;3;fr;2021-01-18;pc;618;1
2022-11-26;41;statistics;114;en;intermediate;2;uk;2021-08-01;tv;6267;2
2023-03-13;197;SEO;112;fr;advanced;1;fr;2021-08-08;tv;6397;2
2023-11-23;231;statistics;114;it;basic;2;it;2022-01-03;mobile;6199;5
2023-05-10;78;UX;122;it;advanced;0;it;2021-02-24;mobile;134;4
2022-07-05;93;data_analysis;102;it;intermediate;3;it;2021-07-04;pc;2214;2
2022-11-04;232;data_analysis;115;it;basic;0;it;2021-06-25;tv;2174;5
2022-09-18;172;statistics;113;en;basic;3;uk;2020-04-22;tv;6133;3
2023-07-08;64;statistics;108;en;basic;0;uk;2022-11-04;pc;6148;5
2021-09-19;85;statistics;117;fr;advanced;2;fr;2020-03-28;pc;6344;2
2021-09-13;65;UX;101;it;advanced;0;it;2020-05-04;tv;133;5
2022-07-15;144;copywriting;116;it;advanced;1;it;2020-04-13;tv;5394;2
2023-10-17;65;data_analysis;109;it;basic;2;it;2020-05-04;tv;2112;2
2021-06-27;79;statistics;101;it;advanced;1;it;2020-12-12;mobile;6319;3
2021-06-07;56;data_analysis;122;fr;advanced;3;fr;2020-09-28;mobile;234;5
2023-10-23;154;data_science;107;it;basic;0;it;2022-06-27;mobile;3192;2
2022-02-18;110;statistics;108;en;intermediate;3;uk;2020-01-06;pc;6290;2
2023-12-05;86;full_stack;117;fr;basic;1;fr;2022-11-14;mobile;6126;2
2023-08-13;210;data_science;101;it;advanced;3;it;2022-09-24;pc;3347;2
2021-07-12;39;UX;115;fr;basic;3;fr;2020-08-03;mobile;111;2
2022-06-10;224;SEO;116;en;advanced;1;uk;2020-06-04;tv;6320;1
2023-03-28;210;UX;122;it;advanced;3;it;2022-09-24;tv;1346;4
2023-09-05;178;statistics;106;en;advanced;3;uk;2022-06-15;pc;6338;5
2023-02-22;168;UX;119;en;intermediate;2;uk;2022-10-15;tv;126;2
2022-02-23;183;copywriting;115;it;advanced;2;it;2021-08-20;tv;5346;1
2022-10-17;97;statistics;120;it;basic;3;it;2021-05-21;tv;6123;1
2022-09-27;222;statistics;106;it;basic;2;it;2021-05-05;mobile;6178;2
2022-04-23;173;data_analysis;102;fr;intermediate;0;fr;2021-12-12;mobile;2274;5
2022-09-24;173;data_analysis;113;it;advanced;0;it;2021-12-12;pc;2339;3
2023-01-27;56;UX;120;it;basic;3;it;2020-09-28;pc;1124;5
2023-03-12;228;statistics;114;it;intermediate;3;it;2022-05-23;tv;6265;2
2023-01-18;74;UX;107;it;advanced;3;it;2021-07-04;pc;1341;5
2023-02-08;219;data_science;110;en;advanced;1;uk;2021-12-24;tv;3319;2
2022-10-02;138;statistics;119;it;intermediate;3;it;2020-04-06;mobile;6297;5
2023-10-04;112;full_stack;120;it;basic;1;it;2021-05-21;pc;6143;1
2023-03-05;14;SEO;121;it;advanced;3;it;2021-01-14;mobile;6381;4
2023-01-13;10;UX;112;en;advanced;2;uk;2022-08-05;pc;1395;2
2023-10-16;45;data_science;111;en;advanced;2;uk;2022-10-16;mobile;3367;2
2023-01-07;141;statistics;121;it;advanced;0;it;2021-05-23;mobile;6345;2
2023-06-15;35;statistics;110;fr;advanced;2;fr;2022-07-19;tv;6343;1
2023-08-21;178;statistics;109;en;advanced;3;uk;2022-06-15;mobile;6378;2
2021-08-18;207;UX;121;it;advanced;2;it;2020-01-11;pc;1368;1
2021-11-03;239;UX;101;it;advanced;3;it;2020-02-04;pc;1394;4
2023-07-13;136;full_stack;105;it;advanced;3;it;2021-05-07;mobile;6373;4
2022-11-10;211;statistics;103;en;intermediate;3;uk;2021-10-17;tv;6226;4
2023-03-26;211;UX;102;it;basic;1;it;2021-10-17;tv;1178;3
2023-06-26;90;statistics;101;fr;basic;1;fr;2022-03-13;tv;6139;5
2022-11-14;232;full_stack;107;en;advanced;0;uk;2021-06-25;tv;6322;1
2023-04-17;72;SEO;121;en;advanced;0;uk;2022-10-12;pc;6340;3
2023-06-11;99;statistics;119;fr;advanced;1;fr;2022-01-20;mobile;6313;3
2023-04-28;143;statistics;112;en;advanced;3;uk;2022-05-22;tv;632;2
2022-02-17;26;copywriting;117;it;intermediate;3;it;2021-07-20;pc;529;3
2021-07-20;91;data_analysis;109;en;intermediate;0;uk;2020-03-02;pc;2224;1
2022-02-15;80;statistics;111;it;advanced;0;it;2021-07-07;pc;633;3
2023-04-10;195;full_stack;108;fr;intermediate;2;fr;2022-12-09;pc;6231;1
2023-08-21;196;SEO;115;it;basic;3;it;2022-06-04;pc;613;5
2021-06-25;103;data_science;122;it;advanced;3;it;2020-03-25;tv;3393;5
2023-02-04;183;statistics;102;it;advanced;3;it;2021-08-20;mobile;6355;4
2023-07-22;35;UX;102;fr;basic;0;fr;2022-07-19;tv;1190;5
2021-03-05;158;statistics;108;fr;advanced;2;fr;2020-03-18;tv;6318;1
2023-12-09;240;statistics;103;fr;advanced;0;fr;2021-01-15;mobile;6373;3
2023-11-07;52;data_analysis;100;en;basic;1;uk;2022-03-15;tv;2161;4
2022-09-09;218;data_science;122;fr;basic;1;fr;2021-02-16;pc;3152;5
2023-03-09;165;statistics;106;en;advanced;2;uk;2020-08-03;pc;6393;5
2023-09-12;159;statistics;103;fr;advanced;3;fr;2021-06-21;tv;6354;1
2022-12-19;3;statistics;121;en;advanced;2;uk;2020-07-22;tv;6316;1
2022-07-24;198;data_science;101;it;advanced;1;it;2021-07-04;tv;3368;4
2023-09-12;117;SEO;100;it;intermediate;1;it;2020-07-13;pc;6245;4
2023-06-23;233;statistics;102;it;basic;3;it;2021-06-11;mobile;6170;3
2023-12-14;45;statistics;113;fr;advanced;1;fr;2022-10-16;pc;6335;5
2023-06-26;69;full_stack;122;fr;advanced;0;fr;2020-08-23;mobile;634;3
2022-04-22;49;UX;121;en;intermediate;2;uk;2020-10-24;pc;1257;3
2023-01-20;134;data_analysis;103;it;basic;1;it;2022-11-20;tv;2133;3
2022-06-22;152;data_analysis;102;en;basic;3;uk;2021-10-01;tv;2167;3
2021-06-23;223;full_stack;118;fr;basic;1;fr;2020-12-01;tv;6110;4
2022-01-05;18;statistics;100;it;advanced;1;it;2021-12-14;pc;6312;3
2022-02-23;111;UX;111;en;basic;2;uk;2020-09-01;tv;114;4
2021-05-07;49;statistics;114;it;intermediate;1;it;2020-10-24;tv;6269;2
2023-09-28;236;statistics;106;en;basic;0;uk;2022-05-19;pc;6116;1
2023-06-13;242;data_science;108;it;advanced;3;it;2021-10-06;mobile;3313;4
2023-06-02;168;statistics;105;en;advanced;2;uk;2022-10-15;tv;6323;2
2023-05-06;221;SEO;101;it;advanced;1;it;2021-04-25;tv;6322;5
2022-03-27;73;UX;103;fr;basic;2;fr;2020-11-14;tv;1181;3
2023-12-23;65;data_analysis;122;it;intermediate;1;it;2020-05-04;pc;2279;4
2023-03-07;211;statistics;111;it;advanced;1;it;2021-10-17;mobile;6374;5
2023-07-17;177;UX;120;en;advanced;2;uk;2022-03-17;pc;1316;3
2022-08-18;130;full_stack;105;it;intermediate;3;it;2021-02-10;pc;6215;1
2022-06-07;235;data_science;118;it;basic;0;it;2021-02-11;pc;3192;5
2023-08-17;210;statistics;100;it;intermediate;3;it;2022-09-24;tv;6269;4
2023-01-27;137;data_analysis;111;it;advanced;0;it;2022-03-01;pc;2332;4
2022-08-09;120;data_science;119;en;intermediate;0;uk;2021-09-23;tv;3262;5
2023-07-07;231;SEO;114;it;basic;2;it;2022-01-03;mobile;6125;5
2023-04-25;141;statistics;118;it;intermediate;1;it;2021-05-23;tv;6255;5
2022-05-13;101;data_analysis;122;en;advanced;3;uk;2021-05-06;mobile;2341;4
2023-08-20;220;UX;110;it;intermediate;1;it;2021-11-05;tv;1265;2
2023-04-03;130;data_analysis;106;en;basic;2;uk;2021-02-10;pc;2129;2
2022-04-10;73;copywriting;104;en;intermediate;1;uk;2020-11-14;pc;5279;2
2022-10-21;238;UX;115;it;basic;2;it;2020-09-16;tv;1193;2
2022-04-02;61;statistics;121;it;basic;1;it;2020-08-09;mobile;6177;3
2023-07-25;170;SEO;119;fr;intermediate;3;fr;2021-10-07;tv;6235;2
2022-06-24;172;statistics;114;it;basic;1;it;2020-04-22;pc;6116;5
2022-05-11;230;full_stack;113;en;basic;1;uk;2020-01-09;tv;6157;4
2023-06-02;171;data_analysis;118;en;basic;3;uk;2021-08-09;tv;2122;4
2022-10-20;148;data_science;120;en;advanced;1;uk;2021-04-24;pc;3360;1
2022-12-07;9;copywriting;107;fr;intermediate;2;fr;2021-03-21;pc;5259;3
2022-10-24;189;statistics;107;it;basic;0;it;2021-06-05;mobile;6183;1
2023-06-08;108;data_science;107;it;intermediate;1;it;2021-12-08;tv;3236;5
2022-07-25;242;data_science;113;it;advanced;3;it;2021-10-06;mobile;3393;3
2022-11-24;80;data_analysis;106;en;basic;3;uk;2021-07-07;mobile;2181;1
2023-04-18;222;full_stack;109;it;basic;3;it;2021-05-05;tv;6170;5
2023-06-18;217;UX;105;it;advanced;0;it;2022-02-07;tv;139;5
2021-02-27;165;copywriting;112;fr;basic;2;fr;2020-08-03;pc;5155;1
2022-08-20;140;statistics;110;en;advanced;3;uk;2021-10-03;mobile;633;4
2023-06-26;47;data_analysis;101;en;basic;2;uk;2022-08-10;pc;2161;5
2023-01-11;74;copywriting;117;en;intermediate;1;uk;2021-07-04;tv;5276;2
2023-10-21;201;data_science;117;it;advanced;2;it;2022-11-25;mobile;3323;4
2023-02-28;72;data_science;104;it;basic;0;it;2022-10-12;tv;3192;2
2023-10-09;25;statistics;112;it;basic;2;it;2021-10-28;pc;6132;2
2023-02-05;65;UX;102;it;basic;1;it;2020-05-04;tv;1195;4
2023-10-13;133;statistics;114;it;basic;3;it;2022-07-19;tv;6125;5
2023-06-27;129;statistics;101;it;advanced;3;it;2022-11-10;mobile;6379;1
2023-03-15;13;data_analysis;120;it;advanced;2;it;2022-05-22;mobile;2316;2
2023-04-13;116;full_stack;114;fr;advanced;1;fr;2021-10-09;mobile;6319;4
2023-10-11;238;SEO;101;it;basic;3;it;2020-09-16;pc;6184;4
2022-05-11;160;statistics;115;en;advanced;1;uk;2021-01-01;tv;6376;3
2023-10-20;125;statistics;111;it;intermediate;0;it;2021-04-17;tv;6259;5
2022-05-09;222;statistics;111;en;advanced;1;uk;2021-05-05;mobile;6356;4
2023-10-14;114;SEO;100;it;basic;2;it;2022-07-08;tv;6152;1
2023-10-07;245;statistics;121;en;advanced;0;uk;2022-11-28;mobile;6374;2
2023-04-03;119;UX;121;it;advanced;1;it;2022-08-25;tv;1355;2
2023-07-20;96;full_stack;100;it;basic;0;it;2020-12-03;pc;614;4
2023-10-21;58;statistics;109;it;advanced;1;it;2021-11-18;pc;6376;4
2022-02-18;50;UX;101;it;basic;0;it;2021-02-18;tv;1165;3
2023-03-05;197;full_stack;103;en;basic;2;uk;2021-08-08;tv;6144;5
2022-05-12;189;data_analysis;112;it;basic;0;it;2021-06-05;tv;2124;1
2021-08-20;157;full_stack;115;fr;basic;3;fr;2020-02-12;mobile;6158;2
2023-08-12;179;full_stack;120;fr;advanced;3;fr;2022-04-13;pc;6388;4
2023-02-21;166;full_stack;114;it;advanced;0;it;2021-07-22;mobile;6353;5
2023-11-26;236;data_science;119;fr;advanced;1;fr;2022-05-19;pc;3373;2
2022-10-11;76;UX;119;en;advanced;2;uk;2020-05-14;pc;1363;1
2023-03-16;202;UX;103;en;basic;2;uk;2020-02-04;mobile;1197;5
2023-04-03;62;UX;119;fr;basic;3;fr;2022-09-03;pc;1168;5
2023-02-27;227;UX;114;it;advanced;1;it;2022-02-17;pc;1365;3
2023-08-26;114;data_analysis;110;it;basic;3;it;2022-07-08;pc;2198;3
2023-09-28;78;statistics;102;it;advanced;0;it;2021-02-24;pc;636;5
2021-11-16;65;data_science;108;en;advanced;3;uk;2020-05-04;pc;3394;1
2023-01-20;136;statistics;115;fr;advanced;1;fr;2021-05-07;pc;6391;4
2021-06-03;53;statistics;104;it;intermediate;1;it;2020-10-08;pc;6226;4
2023-12-25;122;statistics;113;fr;advanced;2;fr;2022-12-17;tv;6316;5
2023-01-13;77;full_stack;118;it;advanced;3;it;2020-06-01;tv;6316;1
2022-11-25;37;copywriting;106;fr;advanced;1;fr;2021-09-04;tv;5362;4
2023-02-15;223;UX;108;it;intermediate;0;it;2020-12-01;pc;1239;5
2023-10-05;26;data_analysis;101;it;advanced;1;it;2021-07-20;tv;2369;5
2021-09-21;49;UX;103;en;advanced;2;uk;2020-10-24;pc;1310;4
2022-09-10;175;statistics;103;en;advanced;1;uk;2021-02-27;pc;6335;5
2023-12-24;100;full_stack;103;it;advanced;0;it;2022-02-02;pc;6333;4
2023-02-14;57;copywriting;122;en;basic;2;uk;2020-07-11;tv;5125;3
2023-02-26;68;data_science;114;it;basic;1;it;2020-12-14;mobile;318;4
2022-07-13;233;UX;120;fr;advanced;0;fr;2021-06-11;tv;1355;1
2023-09-17;226;SEO;120;fr;basic;0;fr;2020-10-04;tv;6177;5
2022-01-09;118;statistics;103;en;advanced;0;uk;2021-04-27;tv;6353;5
2023-12-13;33;statistics;108;it;basic;2;it;2022-07-02;mobile;6169;5
2022-01-16;56;UX;122;fr;advanced;0;fr;2020-09-28;tv;1310;4
2021-12-03;225;statistics;117;fr;basic;0;fr;2020-12-25;pc;6153;5
2021-09-02;67;SEO;105;fr;advanced;2;fr;2020-10-01;mobile;6374;3
2021-09-16;181;UX;118;it;basic;1;it;2020-12-09;tv;1146;3
2023-02-02;28;statistics;106;en;basic;2;uk;2022-06-01;mobile;6182;4
2023-03-12;196;data_science;101;fr;advanced;0;fr;2022-06-04;pc;3392;4
2023-10-11;163;statistics;115;fr;advanced;1;fr;2022-11-28;pc;6388;4
2023-04-18;176;statistics;107;en;intermediate;0;uk;2021-01-07;mobile;6277;4
2023-04-01;90;statistics;108;en;intermediate;1;uk;2022-03-13;tv;6247;3
2021-03-11;69;data_analysis;109;en;advanced;3;uk;2020-08-23;pc;2375;2
2022-03-15;70;data_analysis;113;it;advanced;1;it;2021-12-03;pc;238;4
2022-03-11;205;statistics;116;en;basic;3;uk;2021-01-22;tv;6118;3
2022-02-27;102;SEO;113;it;advanced;1;it;2021-05-10;mobile;6345;3
2023-10-01;201;data_analysis;112;it;basic;3;it;2022-11-25;tv;2140;4
2023-03-24;75;statistics;104;it;intermediate;1;it;2021-07-20;tv;6295;3
2021-02-05;76;statistics;111;fr;basic;1;fr;2020-05-14;pc;6196;1
2023-01-26;109;full_stack;121;en;intermediate;2;uk;2022-08-08;tv;6294;5
2023-02-01;3;SEO;105;it;advanced;0;it;2020-07-22;tv;6390;2
2021-10-21;117;statistics;110;fr;intermediate;0;fr;2020-07-13;mobile;6250;5
2023-04-13;111;statistics;121;it;basic;3;it;2020-09-01;tv;6184;4
2022-06-20;34;data_science;109;fr;advanced;0;fr;2020-12-10;tv;3357;2
2021-08-18;158;data_analysis;121;fr;advanced;2;fr;2020-03-18;mobile;2337;1
2022-04-01;91;statistics;113;it;basic;3;it;2020-03-02;mobile;6143;3
2022-09-28;9;data_science;117;en;basic;0;uk;2021-03-21;mobile;3189;4
2022-04-21;14;UX;118;en;basic;3;uk;2021-01-14;tv;1122;1
2023-01-09;217;data_analysis;115;it;basic;1;it;2022-02-07;tv;2163;2
2022-12-02;187;statistics;104;en;advanced;0;uk;2020-05-03;tv;6357;5
2021-06-11;206;statistics;100;it;advanced;1;it;2020-11-07;tv;6396;2
2023-12-14;97;copywriting;118;fr;advanced;2;fr;2021-05-21;pc;5365;1
2023-08-24;71;statistics;113;fr;intermediate;0;fr;2021-05-10;pc;6290;3
2023-02-21;57;UX;119;it;advanced;1;it;2020-07-11;pc;138;2
2023-09-05;41;statistics;105;it;basic;2;it;2021-08-01;mobile;6159;3
2023-07-22;137;statistics;116;en;advanced;1;uk;2022-03-01;tv;6390;2
2023-01-18;82;full_stack;104;it;advanced;0;it;2022-01-21;tv;6398;5
2023-06-23;117;data_science;122;fr;basic;1;fr;2020-07-13;mobile;3139;4
2022-08-15;93;data_science;109;it;intermediate;1;it;2021-07-04;pc;3267;2
2023-10-06;135;statistics;112;it;advanced;2;it;2021-08-16;mobile;6354;1
2022-04-21;161;data_science;121;en;advanced;0;uk;2021-10-23;tv;3373;4
2023-01-02;220;statistics;121;en;advanced;0;uk;2021-11-05;pc;6331;1
2021-12-12;61;statistics;102;en;intermediate;3;uk;2020-08-09;pc;6219;2
2022-01-02;189;data_analysis;103;en;basic;2;uk;2021-06-05;pc;2153;5
2022-10-21;166;statistics;119;it;basic;3;it;2021-07-22;tv;6172;1
2021-05-17;56;statistics;118;fr;advanced;0;fr;2020-09-28;tv;6323;4
2022-08-03;108;data_science;101;it;basic;1;it;2021-12-08;pc;3119;4
2022-11-13;36;UX;107;fr;intermediate;0;fr;2021-02-07;tv;1279;2
2023-01-01;217;data_analysis;120;it;intermediate;1;it;2022-02-07;tv;2246;5
2023-10-23;186;UX;114;en;advanced;1;uk;2020-08-12;tv;1384;2
2021-01-08;121;data_science;114;it;advanced;2;it;2020-11-03;tv;3325;4
2023-07-13;210;UX;100;it;advanced;3;it;2022-09-24;pc;1394;3
2023-07-11;2;UX;113;it;intermediate;2;it;2022-01-06;pc;1287;4
2023-12-05;222;SEO;122;it;basic;2;it;2021-05-05;tv;6136;1
2022-04-13;130;SEO;110;it;advanced;0;it;2021-02-10;pc;6381;3
2023-03-02;37;data_science;119;it;advanced;2;it;2021-09-04;tv;3365;3
2021-02-04;24;full_stack;112;it;intermediate;3;it;2020-09-09;pc;6278;3
2023-11-16;85;copywriting;102;it;advanced;0;it;2020-03-28;tv;5394;1
2022-01-21;70;data_science;116;en;basic;0;uk;2021-12-03;pc;3158;3
2022-06-10;220;data_science;118;it;advanced;2;it;2021-11-05;tv;3332;2
2023-11-22;231;data_science;114;fr;advanced;3;fr;2022-01-03;tv;3367;2
2022-05-01;229;full_stack;119;en;advanced;2;uk;2021-04-24;pc;637;2
2023-06-19;46;UX;115;en;advanced;3;uk;2021-05-08;mobile;1398;5
2021-06-03;117;data_science;121;fr;advanced;2;fr;2020-07-13;tv;3388;5
2022-02-08;55;data_science;120;it;advanced;0;it;2020-11-28;tv;3323;4
2022-06-03;242;statistics;113;en;intermediate;3;uk;2021-10-06;tv;6275;4
2023-10-19;225;UX;121;it;advanced;2;it;2020-12-25;pc;1343;1
2023-01-21;164;data_science;109;fr;advanced;1;fr;2021-02-20;tv;3318;4
2023-02-09;141;statistics;118;fr;intermediate;1;fr;2021-05-23;tv;6217;2
2023-03-28;68;statistics;119;it;advanced;0;it;2020-12-14;pc;6321;5
2021-06-01;89;data_science;105;it;basic;0;it;2020-01-02;mobile;3187;5
2023-07-05;238;SEO;116;it;basic;2;it;2020-09-16;mobile;6133;4
2023-10-26;6;statistics;108;it;intermediate;3;it;2020-09-14;tv;6242;3
2023-08-02;70;statistics;101;en;basic;3;uk;2021-12-03;mobile;6196;1
2022-01-17;203;SEO;112;fr;intermediate;3;fr;2021-03-28;tv;6220;1
2022-07-22;125;UX;120;it;advanced;0;it;2021-04-17;pc;1332;2
2023-07-02;83;statistics;115;en;intermediate;3;uk;2020-07-23;pc;6287;1
2023-06-05;191;UX;104;it;intermediate;3;it;2021-05-15;mobile;1277;5
2021-01-20;48;copywriting;108;en;basic;3;uk;2020-10-21;tv;5138;4
2023-01-08;116;SEO;122;it;advanced;0;it;2021-10-09;mobile;6353;3
2022-08-04;118;statistics;119;fr;basic;0;fr;2021-04-27;tv;6191;5
2023-12-11;208;SEO;100;en;basic;2;uk;2022-11-20;tv;6161;5
2021-01-01;243;SEO;111;en;advanced;2;uk;2020-08-24;mobile;6322;2
2022-08-16;108;data_science;111;it;basic;3;it;2021-12-08;tv;3143;2
2023-05-13;147;data_analysis;122;en;intermediate;2;uk;2021-02-21;pc;2241;2
2021-02-06;214;statistics;120;it;advanced;2;it;2020-03-24;tv;6348;5
2022-11-12;107;data_science;113;en;basic;1;uk;2020-11-14;mobile;3163;4
2023-03-23;137;data_science;108;en;advanced;3;uk;2022-03-01;tv;3329;4
2023-11-06;38;data_science;107;fr;advanced;0;fr;2021-01-02;tv;338;1
2023-05-18;179;SEO;115;it;advanced;3;it;2022-04-13;mobile;6372;4
2023-12-23;51;full_stack;116;it;basic;3;it;2022-07-09;tv;6130;3
2023-02-21;201;UX;101;en;intermediate;3;uk;2022-11-25;tv;1290;5
2023-11-24;46;data_science;115;en;advanced;0;uk;2021-05-08;tv;332;1
2021-02-17;181;data_analysis;112;en;intermediate;3;uk;2020-12-09;tv;2210;3
2023-10-08;226;statistics;111;fr;advanced;3;fr;2020-10-04;tv;6327;4
2023-08-17;8;statistics;104;it;advanced;0;it;2022-04-23;pc;6375;5
2022-04-12;60;data_analysis;116;fr;advanced;2;fr;2020-11-10;mobile;2360;3
2022-04-23;108;statistics;111;en;intermediate;1;uk;2021-12-08;tv;6236;4
2023-12-27;116;statistics;102;it;advanced;3;it;2021-10-09;tv;6393;3
2023-03-09;55;data_analysis;100;it;intermediate;1;it;2020-11-28;tv;225;2
2021-05-20;61;copywriting;118;it;advanced;1;it;2020-08-09;tv;5331;5
2023-05-09;97;data_analysis;114;it;advanced;1;it;2021-05-21;pc;2313;5
2023-05-02;215;statistics;121;fr;advanced;0;fr;2022-05-05;tv;6317;3
2021-05-11;96;statistics;100;en;basic;3;uk;2020-12-03;pc;6124;3
2023-10-21;88;statistics;121;en;intermediate;0;uk;2022-11-12;pc;6259;2
2023-06-18;126;data_analysis;100;en;advanced;2;uk;2022-03-02;tv;231;3
2023-09-06;167;data_analysis;121;en;advanced;1;uk;2022-09-27;tv;2343;3
2023-06-27;90;statistics;119;fr;advanced;3;fr;2022-03-13;tv;6360;5
2023-11-27;245;data_analysis;104;fr;basic;1;fr;2022-11-28;mobile;2171;2
2023-01-05;90;statistics;116;it;advanced;0;it;2022-03-13;pc;6322;4
2022-07-11;229;statistics;102;it;advanced;3;it;2021-04-24;pc;6333;1
2023-03-07;179;statistics;120;it;intermediate;0;it;2022-04-13;tv;6221;3
2022-01-19;67;full_stack;110;fr;basic;0;fr;2020-10-01;pc;6130;5
2023-05-19;8;data_science;112;it;basic;1;it;2022-04-23;mobile;3146;4
2021-05-21;68;copywriting;111;fr;advanced;0;fr;2020-12-14;mobile;5341;5
2023-02-06;44;statistics;100;it;advanced;1;it;2020-12-09;tv;6359;3
2022-10-19;97;full_stack;101;it;advanced;0;it;2021-05-21;tv;6340;4
2023-02-03;217;full_stack;119;it;advanced;1;it;2022-02-07;tv;6318;4
2022-03-09;30;full_stack;100;it;advanced;2;it;2021-01-23;tv;6314;2
2023-11-25;208;copywriting;105;en;advanced;2;uk;2022-11-20;pc;5397;1
2021-02-15;60;statistics;110;en;basic;2;uk;2020-11-10;tv;615;3
2023-06-26;130;SEO;110;it;intermediate;3;it;2021-02-10;mobile;6267;3
2022-12-12;166;full_stack;110;en;advanced;1;uk;2021-07-22;tv;6338;4
2022-01-15;103;UX;118;it;advanced;3;it;2020-03-25;tv;1357;4
2023-01-06;181;SEO;118;en;basic;3;uk;2020-12-09;pc;6174;2
2023-12-25;189;data_science;120;en;advanced;3;uk;2021-06-05;mobile;3354;2
2022-06-03;65;UX;114;en;intermediate;0;uk;2020-05-04;pc;1228;3
2023-10-13;131;UX;108;en;basic;3;uk;2022-03-26;pc;1193;3
2022-12-14;136;data_science;104;it;advanced;0;it;2021-05-07;pc;3373;5
2022-09-12;50;data_analysis;100;en;advanced;1;uk;2021-02-18;pc;2324;1
2023-07-18;143;full_stack;113;en;advanced;0;uk;2022-05-22;pc;6331;2
2023-07-06;114;UX;117;fr;basic;3;fr;2022-07-08;mobile;1189;3
2023-06-24;168;full_stack;118;it;advanced;1;it;2022-10-15;mobile;6352;5
2023-12-16;105;statistics;110;it;advanced;1;it;2022-01-25;pc;6319;3
2023-02-06;121;copywriting;121;it;basic;2;it;2020-11-03;tv;5176;2
2023-11-12;67;data_analysis;109;it;intermediate;0;it;2020-10-01;mobile;2256;5
2021-04-03;94;copywriting;111;en;intermediate;2;uk;2020-03-24;tv;5214;2
2023-01-10;95;statistics;113;fr;intermediate;3;fr;2022-03-10;pc;6239;5
2023-03-17;106;data_science;110;en;basic;2;uk;2022-12-23;mobile;3147;2
2023-08-19;12;data_analysis;107;en;advanced;0;uk;2022-08-21;mobile;2374;1
2021-08-16;79;UX;118;en;advanced;2;uk;2020-12-12;tv;1343;1
2023-06-02;158;statistics;119;en;advanced;2;uk;2020-03-18;pc;6332;3
2021-08-16;202;statistics;107;it;advanced;1;it;2020-02-04;mobile;6317;3
2023-11-07;208;statistics;117;it;intermediate;2;it;2022-11-20;tv;6242;3
2022-01-11;66;UX;115;it;basic;0;it;2020-03-19;tv;1186;5
2023-06-22;156;copywriting;103;it;basic;1;it;2022-02-18;tv;5175;2
2023-07-13;162;statistics;119;en;intermediate;3;uk;2022-09-06;tv;6295;2
2023-04-04;41;UX;116;fr;intermediate;3;fr;2021-08-01;pc;1282;2
2023-01-04;23;UX;107;en;basic;2;uk;2021-09-20;pc;1167;2
2023-04-20;25;data_analysis;101;it;intermediate;1;it;2021-10-28;tv;2276;1
2022-09-03;11;copywriting;120;it;advanced;3;it;2020-11-23;pc;5391;3
2021-02-19;149;full_stack;105;en;advanced;2;uk;2020-05-11;pc;6386;2
2023-12-22;152;data_analysis;122;it;intermediate;1;it;2021-10-01;pc;2252;3
2023-10-24;236;UX;122;it;intermediate;1;it;2022-05-19;pc;1225;3
2023-10-16;138;data_science;110;it;basic;1;it;2020-04-06;pc;3162;3
2022-06-22;108;data_science;119;fr;advanced;1;fr;2021-12-08;tv;333;3
2021-01-18;214;data_analysis;104;en;basic;0;uk;2020-03-24;mobile;2160;5
2022-04-03;194;statistics;104;it;basic;0;it;2021-08-21;tv;6165;4
2022-09-23;78;statistics;110;en;advanced;3;uk;2021-02-24;pc;634;2
2023-04-21;88;SEO;101;it;basic;1;it;2022-11-12;mobile;6130;1
2023-03-06;30;SEO;112;en;advanced;3;uk;2021-01-23;tv;6369;4
2023-01-25;8;data_analysis;120;fr;basic;3;fr;2022-04-23;mobile;2175;3
2022-02-25;202;UX;106;it;advanced;3;it;2020-02-04;mobile;1331;4
2023-05-24;148;UX;106;en;advanced;3;uk;2021-04-24;tv;1353;2
2023-10-06;114;SEO;118;en;basic;2;uk;2022-07-08;tv;6175;5
2023-04-05;178;statistics;102;it;intermediate;3;it;2022-06-15;tv;6268;5
2022-11-21;57;statistics;103;en;intermediate;0;uk;2020-07-11;tv;621;4
2022-12-03;30;data_analysis;103;it;advanced;0;it;2021-01-23;tv;238;3
2021-03-13;3;data_science;113;it;intermediate;3;it;2020-07-22;mobile;3262;2
2023-05-25;83;statistics;121;it;advanced;1;it;2020-07-23;pc;6363;2
2022-02-22;19;statistics;103;en;advanced;2;uk;2020-04-12;tv;6373;1
2023-04-21;224;data_analysis;109;it;advanced;3;it;2020-06-04;pc;2310;5
2021-12-01;49;statistics;108;it;intermediate;1;it;2020-10-24;tv;6269;1
2022-06-14;169;copywriting;112;fr;intermediate;1;fr;2021-06-16;pc;5252;5
2021-09-11;65;UX;110;it;advanced;0;it;2020-05-04;pc;1346;2
2022-01-12;63;data_science;110;it;intermediate;1;it;2020-02-27;mobile;3236;5
2023-08-04;122;statistics;100;en;basic;2;uk;2022-12-17;mobile;6173;4
2023-10-05;173;statistics;104;it;advanced;2;it;2021-12-12;tv;636;3
2023-01-19;20;data_analysis;110;en;basic;3;uk;2020-02-10;pc;2135;4
2023-06-22;162;data_science;116;it;advanced;2;it;2022-09-06;pc;3345;5
2023-09-28;139;full_stack;115;en;advanced;3;uk;2020-03-28;tv;6360;3
2023-09-22;208;data_analysis;103;it;advanced;2;it;2022-11-20;tv;2329;3
2022-02-08;211;statistics;100;it;advanced;2;it;2021-10-17;tv;6389;3
2022-01-02;173;SEO;101;it;basic;2;it;2021-12-12;tv;6171;5
2022-10-20;214;data_analysis;120;it;basic;1;it;2020-03-24;tv;2143;2
2023-05-13;154;data_analysis;103;it;intermediate;1;it;2022-06-27;tv;2280;2
2021-12-13;73;data_science;119;fr;basic;3;fr;2020-11-14;tv;3187;1
2023-10-25;28;full_stack;120;fr;intermediate;1;fr;2022-06-01;tv;6222;2
2022-10-10;243;full_stack;102;it;advanced;2;it;2020-08-24;tv;6343;4
2023-11-26;134;statistics;121;it;intermediate;1;it;2022-11-20;mobile;621;3
2022-08-05;135;data_analysis;110;it;advanced;3;it;2021-08-16;pc;2363;4
2022-04-19;66;full_stack;101;fr;basic;3;fr;2020-03-19;tv;6112;2
2022-09-24;7;copywriting;107;en;basic;0;uk;2021-09-01;tv;5176;5
2023-08-11;69;statistics;120;en;basic;3;uk;2020-08-23;tv;6199;5
2022-09-23;243;statistics;109;it;basic;2;it;2020-08-24;tv;6165;3
2023-05-25;126;SEO;115;fr;intermediate;2;fr;2022-03-02;mobile;6260;1
2023-02-08;28;statistics;114;it;intermediate;3;it;2022-06-01;tv;621;4
2023-05-06;129;UX;107;en;advanced;2;uk;2022-11-10;pc;1342;4
2022-10-21;213;SEO;116;it;advanced;2;it;2021-09-24;tv;6365;2
2022-06-21;68;data_analysis;120;it;intermediate;0;it;2020-12-14;pc;2257;5
2022-04-17;113;data_science;121;it;intermediate;1;it;2021-01-18;mobile;3285;2
2023-07-26;54;statistics;117;en;advanced;2;uk;2022-05-02;pc;6382;3
2022-02-05;50;UX;115;fr;intermediate;3;fr;2021-02-18;pc;1273;3
2023-07-12;236;copywriting;122;fr;basic;3;fr;2022-05-19;mobile;5175;4
2021-11-09;77;UX;101;en;basic;2;uk;2020-06-01;pc;1164;3
2021-09-16;103;statistics;113;fr;intermediate;0;fr;2020-03-25;mobile;6262;1
2022-09-26;1;statistics;119;en;advanced;1;uk;2021-05-20;pc;6324;2
2023-03-03;4;full_stack;118;it;intermediate;2;it;2022-05-10;pc;6273;3
2023-10-23;241;UX;111;en;advanced;3;uk;2022-05-11;mobile;1333;3
2023-05-07;21;statistics;120;fr;advanced;2;fr;2021-07-11;mobile;6342;1
2023-02-11;31;data_analysis;111;en;intermediate;0;uk;2022-09-07;pc;2243;1
2023-04-05;91;SEO;120;it;basic;3;it;2020-03-02;tv;6180;3
2021-05-21;65;data_science;111;it;basic;2;it;2020-05-04;pc;3193;3
2022-10-20;87;statistics;104;it;advanced;0;it;2021-09-12;mobile;6351;4
2023-12-27;90;data_analysis;110;it;basic;3;it;2022-03-13;tv;2131;1
2022-08-11;181;data_analysis;106;it;advanced;3;it;2020-12-09;pc;239;2
2023-06-22;175;statistics;100;en;intermediate;0;uk;2021-02-27;mobile;6297;1
2023-03-08;217;statistics;122;it;advanced;3;it;2022-02-07;tv;6323;3
2021-02-12;181;UX;111;it;basic;0;it;2020-12-09;pc;1189;3
2023-02-17;188;full_stack;122;en;basic;3;uk;2022-06-13;tv;6164;5
2021-06-04;187;data_science;112;fr;advanced;1;fr;2020-05-03;tv;3374;1
2023-10-11;199;copywriting;117;fr;advanced;1;fr;2020-07-27;tv;5383;1
2023-05-26;140;data_analysis;117;it;advanced;0;it;2021-10-03;pc;2389;2
2023-09-11;52;statistics;117;fr;basic;2;fr;2022-03-15;pc;6155;2
2022-05-05;11;SEO;100;it;advanced;2;it;2020-11-23;pc;6345;4
2021-08-22;153;statistics;109;fr;intermediate;1;fr;2020-06-14;tv;6265;1
2022-03-22;193;statistics;122;it;advanced;0;it;2021-11-14;tv;6365;3
2023-11-12;154;data_analysis;117;fr;advanced;0;fr;2022-06-27;pc;2316;3
2023-08-13;33;statistics;113;fr;advanced;0;fr;2022-07-02;mobile;6378;2
2023-09-25;72;UX;115;it;advanced;1;it;2022-10-12;pc;1338;1
2023-07-24;126;data_analysis;106;it;advanced;1;it;2022-03-02;tv;2343;4
2023-08-14;6;copywriting;105;en;advanced;2;uk;2020-09-14;pc;5370;1
2022-03-20;166;statistics;111;fr;basic;0;fr;2021-07-22;tv;6181;4
2022-05-03;79;statistics;102;fr;advanced;0;fr;2020-12-12;tv;6389;2
2023-03-20;116;statistics;101;en;basic;1;uk;2021-10-09;tv;6145;5
2023-10-05;16;data_science;120;it;advanced;3;it;2020-04-02;mobile;3350;1
2023-06-11;229;data_analysis;105;en;advanced;2;uk;2021-04-24;mobile;2318;4
2022-05-12;75;UX;103;en;advanced;2;uk;2021-07-20;tv;1366;5
2023-10-17;125;UX;120;it;advanced;0;it;2021-04-17;pc;1340;1
2022-11-26;48;data_science;116;it;basic;1;it;2020-10-21;pc;3185;5
2022-02-19;232;data_science;117;fr;basic;0;fr;2021-06-25;pc;318;1
2023-01-04;189;UX;110;en;intermediate;2;uk;2021-06-05;tv;1299;3
2023-01-25;81;full_stack;115;en;basic;1;uk;2022-08-23;pc;6170;5
2023-04-23;1;statistics;119;fr;intermediate;0;fr;2021-05-20;mobile;6241;3
2023-06-10;194;full_stack;100;en;advanced;2;uk;2021-08-21;pc;6385;1
2021-09-06;181;data_science;105;en;advanced;2;uk;2020-12-09;tv;3310;4
2023-07-27;169;statistics;104;it;advanced;0;it;2021-06-16;tv;6379;4
2022-03-22;183;data_science;101;it;advanced;1;it;2021-08-20;pc;3370;5
2023-10-15;240;statistics;116;en;basic;2;uk;2021-01-15;pc;6114;5
2023-06-13;131;SEO;109;fr;intermediate;2;fr;2022-03-26;tv;6281;5
2022-03-17;66;data_science;111;it;advanced;1;it;2020-03-19;tv;3335;1
2023-10-23;167;statistics;113;en;advanced;3;uk;2022-09-27;pc;6388;1
2023-10-08;139;data_analysis;115;it;intermediate;2;it;2020-03-28;mobile;2268;1
2023-06-07;175;full_stack;117;en;advanced;2;uk;2021-02-27;pc;6353;2
2023-09-18;32;data_science;110;it;basic;1;it;2022-03-07;tv;3143;4
2023-02-11;74;statistics;100;it;basic;1;it;2021-07-04;pc;6138;5
2022-05-14;112;UX;116;en;basic;2;uk;2021-05-21;pc;1180;2
2021-06-28;6;data_analysis;100;en;advanced;1;uk;2020-09-14;tv;2326;4
2022-12-01;176;UX;109;it;basic;0;it;2021-01-07;pc;119;1
2023-09-03;31;SEO;102;en;intermediate;0;uk;2022-09-07;mobile;6260;3
2022-02-20;53;statistics;110;it;basic;1;it;2020-10-08;pc;6180;4
2022-07-13;92;statistics;111;fr;basic;3;fr;2021-10-24;pc;6155;1
2023-02-17;106;copywriting;103;it;advanced;2;it;2022-12-23;pc;5378;3
2023-12-16;220;data_analysis;100;it;basic;2;it;2021-11-05;mobile;2197;2
2023-06-03;236;statistics;107;it;basic;2;it;2022-05-19;tv;6170;3
2023-04-12;163;data_science;101;it;advanced;2;it;2022-11-28;pc;334;5
2022-10-28;79;data_analysis;115;fr;basic;1;fr;2020-12-12;tv;219;3
2023-08-06;110;full_stack;108;it;advanced;0;it;2020-01-06;tv;6397;4
2021-06-13;239;data_analysis;118;it;advanced;3;it;2020-02-04;mobile;2348;3
2021-08-06;66;UX;110;it;intermediate;0;it;2020-03-19;pc;129;3
2023-05-01;152;statistics;117;en;advanced;2;uk;2021-10-01;mobile;6327;3
2022-11-07;130;statistics;115;it;basic;0;it;2021-02-10;tv;6197;5
2021-04-03;63;statistics;107;it;basic;1;it;2020-02-27;tv;6131;4
2022-02-16;121;statistics;103;en;intermediate;2;uk;2020-11-03;mobile;6280;5
2023-03-12;174;UX;110;it;intermediate;1;it;2022-02-12;tv;1275;4
2023-05-17;15;data_analysis;108;en;basic;0;uk;2022-05-13;pc;2158;1
2023-06-12;194;data_analysis;119;en;basic;1;uk;2021-08-21;pc;2136;2
2022-11-25;70;data_science;117;fr;advanced;2;fr;2021-12-03;tv;3311;1
2023-07-11;179;copywriting;103;it;advanced;3;it;2022-04-13;tv;5389;2
2023-12-22;37;copywriting;108;fr;basic;3;fr;2021-09-04;pc;5120;2
2023-04-18;223;UX;113;it;basic;1;it;2020-12-01;pc;1146;4
2022-05-10;170;data_analysis;122;fr;basic;2;fr;2021-10-07;pc;2140;1
2023-08-06;36;SEO;118;en;advanced;1;uk;2021-02-07;mobile;6319;5
2022-08-26;49;full_stack;111;it;basic;0;it;2020-10-24;tv;6150;1
2023-11-21;42;data_analysis;114;it;advanced;3;it;2021-03-06;pc;2317;2
2023-06-07;70;SEO;116;it;basic;2;it;2021-12-03;tv;6142;1
2023-08-08;92;UX;114;it;advanced;3;it;2021-10-24;pc;1378;5
2023-07-15;26;statistics;122;en;intermediate;3;uk;2021-07-20;pc;621;5
2022-05-13;37;statistics;104;fr;intermediate;3;fr;2021-09-04;tv;6298;3
2023-01-19;231;data_science;104;it;intermediate;3;it;2022-01-03;pc;3259;3
2023-02-07;62;full_stack;116;it;basic;2;it;2022-09-03;pc;6133;5
2023-09-08;83;data_science;112;en;intermediate;3;uk;2020-07-23;pc;3281;3
2022-03-13;181;UX;112;fr;basic;1;fr;2020-12-09;pc;1197;2
2023-12-17;210;SEO;104;en;basic;3;uk;2022-09-24;pc;6197;2
2023-02-18;22;data_science;104;it;basic;1;it;2022-01-25;tv;3197;2
2023-03-15;62;data_analysis;104;fr;basic;0;fr;2022-09-03;pc;218;2
2023-09-06;216;statistics;119;fr;advanced;2;fr;2021-10-08;pc;6335;3
2022-09-10;128;full_stack;105;en;advanced;0;uk;2021-01-26;mobile;6353;5
2022-03-26;239;copywriting;110;en;advanced;1;uk;2020-02-04;pc;5396;5
2022-07-23;101;statistics;122;en;advanced;3;uk;2021-05-06;tv;6314;4
2021-11-04;69;UX;113;it;intermediate;2;it;2020-08-23;tv;1275;2
2023-01-03;220;data_science;101;fr;basic;3;fr;2021-11-05;tv;3113;1
2022-01-27;101;statistics;111;it;advanced;2;it;2021-05-06;tv;6349;3
2022-12-13;73;copywriting;104;en;advanced;2;uk;2020-11-14;tv;5393;2
2021-05-06;39;statistics;112;fr;advanced;1;fr;2020-08-03;pc;6344;4
2022-10-17;138;UX;100;fr;advanced;3;fr;2020-04-06;tv;1379;1
2023-12-08;132;copywriting;119;it;intermediate;2;it;2022-07-25;tv;527;5
2023-10-18;217;UX;118;it;advanced;1;it;2022-02-07;mobile;1310;2
2022-12-22;16;copywriting;115;fr;basic;2;fr;2020-04-02;pc;5181;4
2023-05-08;225;statistics;115;en;intermediate;2;uk;2020-12-25;mobile;6267;4
2022-04-07;213;data_analysis;111;it;advanced;3;it;2021-09-24;pc;2364;5
2023-05-05;236;full_stack;111;it;advanced;1;it;2022-05-19;tv;6394;4
2023-07-10;165;UX;106;it;basic;2;it;2020-08-03;tv;1196;2
2023-02-09;238;SEO;112;en;basic;2;uk;2020-09-16;tv;6169;3
2022-11-23;24;statistics;102;it;basic;0;it;2020-09-09;pc;6117;4
2023-04-20;22;SEO;108;en;advanced;0;uk;2022-01-25;mobile;636;5
2022-06-23;158;SEO;120;it;basic;0;it;2020-03-18;tv;6123;2
2023-11-04;66;data_analysis;120;fr;basic;2;fr;2020-03-19;mobile;2181;5
2022-02-24;83;statistics;104;en;advanced;3;uk;2020-07-23;mobile;6394;1
2023-12-25;35;statistics;113;fr;advanced;1;fr;2022-07-19;tv;6364;5
2022-06-20;235;data_analysis;104;en;intermediate;0;uk;2021-02-11;tv;225;3
2021-01-06;199;data_science;112;fr;advanced;0;fr;2020-07-27;tv;3337;2
2022-05-24;58;data_analysis;110;fr;advanced;3;fr;2021-11-18;pc;2372;3
2022-06-10;107;copywriting;113;en;intermediate;3;uk;2020-11-14;tv;5252;3
2023-03-11;123;SEO;106;it;advanced;3;it;2021-09-19;mobile;6357;2
2023-08-21;168;UX;113;fr;basic;3;fr;2022-10-15;tv;1115;3
2022-02-17;121;SEO;111;it;advanced;0;it;2020-11-03;tv;6330;3
2023-12-21;28;statistics;100;it;advanced;3;it;2022-06-01;mobile;6340;1
2021-05-04;96;data_science;117;it;intermediate;2;it;2020-12-03;pc;3281;5
2023-05-04;45;data_analysis;115;en;advanced;0;uk;2022-10-16;tv;2371;2
2021-08-01;153;statistics;114;en;advanced;3;uk;2020-06-14;tv;6375;2
2023-01-21;81;full_stack;106;fr;intermediate;1;fr;2022-08-23;pc;6299;3
2021-08-18;48;data_analysis;101;fr;basic;3;fr;2020-10-21;tv;2130;2
2022-01-25;211;copywriting;122;it;basic;0;it;2021-10-17;mobile;5147;5
2023-04-17;81;UX;122;en;intermediate;0;uk;2022-08-23;mobile;1210;3
2022-06-18;110;full_stack;119;it;advanced;0;it;2020-01-06;mobile;6395;5
2023-03-24;52;statistics;102;fr;advanced;2;fr;2022-03-15;mobile;6341;5
2023-03-09;235;data_analysis;106;en;advanced;2;uk;2021-02-11;tv;2318;1
2021-05-25;98;SEO;120;it;basic;3;it;2020-09-26;mobile;613;1
2022-11-21;229;statistics;119;fr;basic;0;fr;2021-04-24;mobile;6129;4
2022-07-03;225;statistics;109;it;advanced;3;it;2020-12-25;pc;6376;1
2023-09-16;233;statistics;104;it;advanced;0;it;2021-06-11;pc;632;1
2023-10-21;217;data_science;100;it;basic;3;it;2022-02-07;pc;3148;1
2021-10-02;55;data_analysis;115;it;advanced;3;it;2020-11-28;pc;2330;3
2023-07-11;31;statistics;116;fr;advanced;3;fr;2022-09-07;tv;6346;4
2022-08-05;212;SEO;110;en;basic;3;uk;2020-02-27;tv;6193;3
2023-03-11;40;data_analysis;100;it;basic;2;it;2021-09-08;mobile;2169;2
2023-03-07;32;data_analysis;103;fr;basic;2;fr;2022-03-07;tv;2146;3
2023-02-27;136;UX;106;it;basic;1;it;2021-05-07;tv;1172;2
2023-12-03;46;data_analysis;100;it;intermediate;0;it;2021-05-08;tv;2226;2
2022-12-19;176;UX;112;it;basic;3;it;2021-01-07;mobile;117;4
2022-03-11;160;SEO;119;en;advanced;3;uk;2021-01-01;pc;6383;1
2021-08-10;55;full_stack;117;en;basic;0;uk;2020-11-28;mobile;6196;1
2023-01-06;181;UX;122;it;basic;0;it;2020-12-09;pc;1117;4
2023-11-02;137;copywriting;107;en;basic;1;uk;2022-03-01;pc;5122;2
2022-10-02;79;statistics;118;it;advanced;1;it;2020-12-12;tv;6393;3
2023-10-10;178;UX;116;it;intermediate;0;it;2022-06-15;mobile;1271;5
2023-02-08;11;SEO;118;it;intermediate;3;it;2020-11-23;tv;6254;5
2023-06-23;185;UX;111;en;advanced;0;uk;2020-10-21;pc;1366;2
2022-05-11;55;UX;106;it;advanced;3;it;2020-11-28;pc;1384;4
2022-02-21;63;SEO;110;fr;advanced;2;fr;2020-02-27;mobile;6325;4
2023-09-20;1;full_stack;100;it;intermediate;2;it;2021-05-20;mobile;6221;3
2022-10-11;229;data_analysis;105;en;advanced;3;uk;2021-04-24;tv;2386;3
2021-10-11;212;UX;105;it;basic;1;it;2020-02-27;tv;1150;1
2022-04-19;89;statistics;111;it;basic;0;it;2020-01-02;tv;6174;5
2021-04-25;149;full_stack;107;it;basic;1;it;2020-05-11;mobile;6117;3
2021-06-04;139;statistics;112;it;basic;1;it;2020-03-28;mobile;6184;4
2023-05-09;2;data_analysis;108;en;intermediate;2;uk;2022-01-06;tv;2282;4
2023-03-16;124;data_analysis;112;fr;advanced;1;fr;2022-09-14;tv;2335;2
2023-01-20;163;data_analysis;110;en;advanced;0;uk;2022-11-28;pc;2396;2
2022-02-09;116;statistics;104;it;basic;1;it;2021-10-09;pc;6113;5
2023-07-11;86;UX;117;fr;advanced;1;fr;2022-11-14;mobile;1326;1
2023-08-25;193;statistics;112;it;basic;1;it;2021-11-14;mobile;617;5
2023-01-05;21;full_stack;113;it;advanced;0;it;2021-07-11;tv;6362;3
2023-09-02;40;statistics;122;fr;advanced;1;fr;2021-09-08;pc;6346;2
2022-07-19;176;statistics;102;it;basic;0;it;2021-01-07;tv;6198;1
2023-12-28;207;data_science;115;it;intermediate;0;it;2020-01-11;tv;3297;1
2023-07-17;99;statistics;112;en;advanced;3;uk;2022-01-20;tv;6378;3
2023-08-01;197;copywriting;109;it;intermediate;0;it;2021-08-08;pc;5289;4
2023-01-27;243;data_analysis;122;it;intermediate;1;it;2020-08-24;mobile;2255;2
2023-04-01;93;data_science;120;en;intermediate;1;uk;2021-07-04;mobile;3217;4
2021-09-14;158;statistics;105;it;advanced;0;it;2020-03-18;pc;639;5
2023-08-20;212;data_analysis;112;it;basic;1;it;2020-02-27;tv;2143;3
2022-07-12;148;statistics;115;en;advanced;3;uk;2021-04-24;tv;6317;5
2022-08-16;160;statistics;106;fr;advanced;2;fr;2021-01-01;pc;6399;2
2023-10-12;120;data_science;109;it;basic;2;it;2021-09-23;tv;3163;2
2023-06-09;15;data_analysis;122;en;intermediate;3;uk;2022-05-13;tv;2227;5
2023-06-26;200;data_science;106;it;basic;1;it;2022-03-24;pc;3167;1
2022-12-16;70;data_analysis;109;it;advanced;3;it;2021-12-03;tv;236;1
2023-02-24;239;statistics;106;it;basic;2;it;2020-02-04;pc;6152;3
2023-04-14;220;statistics;110;fr;basic;0;fr;2021-11-05;tv;6136;3
2023-06-03;94;data_science;120;it;intermediate;1;it;2020-03-24;mobile;3288;2
2023-12-19;167;UX;109;fr;intermediate;0;fr;2022-09-27;pc;123;3
2023-08-05;165;SEO;122;it;advanced;2;it;2020-08-03;pc;6344;3
2022-10-25;185;data_analysis;111;it;advanced;3;it;2020-10-21;pc;2320;5
2022-04-06;113;UX;118;fr;advanced;1;fr;2021-01-18;pc;1382;2
2023-09-03;188;UX;120;it;basic;2;it;2022-06-13;pc;1155;1
2023-05-25;72;full_stack;122;it;basic;1;it;2022-10-12;mobile;6178;1
2023-11-13;172;data_science;113;en;advanced;2;uk;2020-04-22;tv;3386;2
2023-09-21;174;data_science;120;en;basic;3;uk;2022-02-12;pc;3118;4
2022-07-26;30;statistics;105;en;advanced;3;uk;2021-01-23;mobile;6350;1
2021-07-17;68;data_science;112;it;advanced;1;it;2020-12-14;tv;3379;3
2023-09-22;10;statistics;119;fr;advanced;3;fr;2022-08-05;tv;6353;5
2022-05-20;183;statistics;110;it;advanced;0;it;2021-08-20;tv;6339;5
2022-01-22;25;full_stack;109;it;basic;1;it;2021-10-28;tv;6119;2
2023-09-28;165;data_science;110;en;intermediate;0;uk;2020-08-03;pc;3272;3
2023-03-01;33;UX;100;it;intermediate;1;it;2022-07-02;pc;1265;5
2023-09-11;222;statistics;103;en;advanced;3;uk;2021-05-05;mobile;6376;1
2022-07-24;96;statistics;107;en;basic;1;uk;2020-12-03;mobile;6154;3
2023-07-12;16;SEO;121;it;intermediate;2;it;2020-04-02;tv;6238;1
2023-04-02;62;full_stack;102;en;basic;1;uk;2022-09-03;tv;6191;5
2023-01-25;80;data_science;106;it;advanced;0;it;2021-07-07;tv;3388;3
2023-02-07;45;data_analysis;115;it;basic;1;it;2022-10-16;pc;2194;1
2023-11-23;219;statistics;119;en;advanced;0;uk;2021-12-24;pc;6320;4
2023-05-17;12;UX;100;it;advanced;1;it;2022-08-21;tv;1369;5
2023-01-15;236;statistics;121;en;advanced;1;uk;2022-05-19;pc;6326;5
2022-12-25;91;UX;107;fr;advanced;2;fr;2020-03-02;tv;1319;3
2023-09-18;168;UX;113;en;basic;2;uk;2022-10-15;pc;1190;2
2023-06-13;169;data_analysis;118;it;basic;2;it;2021-06-16;mobile;2191;5
2022-10-15;18;data_analysis;120;en;basic;0;uk;2021-12-14;pc;2186;4
2023-12-22;47;data_science;119;it;advanced;3;it;2022-08-10;pc;3377;3
2021-01-02;61;data_science;118;en;basic;1;uk;2020-08-09;tv;3138;2
2023-11-12;227;statistics;101;en;advanced;2;uk;2022-02-17;tv;6310;3
2023-02-07;7;SEO;113;en;intermediate;3;uk;2021-09-01;tv;6279;2
2023-03-20;51;UX;107;en;basic;2;uk;2022-07-09;pc;116;2
2023-08-25;183;statistics;119;en;basic;0;uk;2021-08-20;mobile;6139;3
2023-06-02;22;statistics;114;en;basic;0;uk;2022-01-25;pc;616;2
2023-09-08;16;statistics;107;it;advanced;3;it;2020-04-02;mobile;6371;2
2023-04-12;10;copywriting;118;en;intermediate;0;uk;2022-08-05;tv;5283;2
2023-02-26;237;statistics;121;en;basic;3;uk;2022-03-23;tv;6178;4
2022-05-11;138;data_science;111;it;intermediate;2;it;2020-04-06;pc;3244;3
2022-11-02;216;SEO;117;it;advanced;3;it;2021-10-08;pc;6317;1
2023-06-17;205;UX;109;it;basic;0;it;2021-01-22;tv;1142;1
2023-09-21;201;SEO;112;it;advanced;3;it;2022-11-25;tv;6396;5
2023-12-15;78;copywriting;106;it;advanced;2;it;2021-02-24;tv;5378;2
2023-11-28;59;statistics;102;en;intermediate;3;uk;2021-06-25;tv;6215;4
2023-02-17;99;SEO;107;en;basic;0;uk;2022-01-20;mobile;6181;2
2023-06-19;46;UX;116;it;intermediate;3;it;2021-05-08;mobile;121;4
2023-01-18;236;UX;113;en;basic;2;uk;2022-05-19;tv;1173;1
2022-10-18;36;UX;113;en;basic;1;uk;2021-02-07;tv;1135;4
2022-01-11;202;full_stack;107;fr;advanced;1;fr;2020-02-04;tv;6315;5
2023-06-23;227;statistics;113;en;intermediate;1;uk;2022-02-17;pc;6276;2
2021-12-02;24;UX;120;en;intermediate;0;uk;2020-09-09;mobile;1251;1
2023-08-20;30;statistics;105;fr;advanced;2;fr;2021-01-23;mobile;6386;3
2023-05-27;136;data_science;117;en;basic;1;uk;2021-05-07;pc;3164;2
2023-01-01;156;copywriting;114;it;basic;0;it;2022-02-18;pc;516;5
2023-02-07;233;UX;105;it;advanced;2;it;2021-06-11;tv;1334;5
2022-04-10;50;statistics;116;it;intermediate;1;it;2021-02-18;tv;6298;4
2023-11-18;71;data_science;120;fr;advanced;1;fr;2021-05-10;pc;3319;2
2023-04-26;70;data_science;102;it;advanced;1;it;2021-12-03;pc;3330;3
2022-08-02;224;statistics;105;it;intermediate;1;it;2020-06-04;tv;6221;2
2021-04-14;63;UX;103;it;advanced;1;it;2020-02-27;tv;1355;5
2023-09-07;85;copywriting;115;en;advanced;3;uk;2020-03-28;mobile;5375;3
2023-03-20;119;statistics;104;it;basic;1;it;2022-08-25;mobile;6169;1
2022-02-27;38;full_stack;106;it;basic;2;it;2021-01-02;tv;6131;2
2023-04-07;10;UX;106;en;basic;2;uk;2022-08-05;mobile;1127;1
2023-01-06;213;statistics;117;en;intermediate;1;uk;2021-09-24;pc;6248;2
2022-06-18;102;data_science;110;fr;intermediate;1;fr;2021-05-10;mobile;3255;4
2023-02-24;82;statistics;118;en;advanced;0;uk;2022-01-21;pc;6334;1
2023-10-02;31;data_science;117;fr;basic;3;fr;2022-09-07;pc;3127;1
2022-03-03;3;full_stack;116;it;advanced;3;it;2020-07-22;mobile;6336;4
2023-07-28;1;UX;104;it;basic;1;it;2021-05-20;tv;1122;2
2022-04-11;92;UX;119;fr;advanced;2;fr;2021-10-24;mobile;1317;3
2022-05-13;141;SEO;108;en;basic;1;uk;2021-05-23;mobile;6128;5
2022-12-01;18;full_stack;119;it;basic;3;it;2021-12-14;tv;6137;2
2023-02-26;210;copywriting;122;fr;intermediate;3;fr;2022-09-24;tv;5278;5
2021-02-28;110;statistics;102;en;intermediate;0;uk;2020-01-06;tv;6284;1
2021-10-28;185;full_stack;121;fr;intermediate;1;fr;2020-10-21;pc;628;5
2023-11-21;170;UX;108;en;basic;3;uk;2021-10-07;pc;1163;2
2023-09-18;242;statistics;117;it;basic;1;it;2021-10-06;mobile;6159;2
2023-09-15;122;copywriting;103;it;advanced;0;it;2022-12-17;tv;5399;3
2023-06-25;32;UX;112;it;intermediate;1;it;2022-03-07;pc;1259;1
2022-06-07;121;statistics;120;it;basic;0;it;2020-11-03;tv;6199;3
2023-10-17;15;copywriting;111;en;advanced;3;uk;2022-05-13;pc;5349;3
2023-08-27;37;SEO;109;fr;intermediate;3;fr;2021-09-04;tv;6283;5
2023-08-13;82;data_science;104;it;intermediate;2;it;2022-01-21;tv;323;4
2022-03-25;190;statistics;116;fr;advanced;2;fr;2021-06-28;pc;6375;1
2022-04-15;23;data_analysis;103;fr;basic;2;fr;2021-09-20;tv;211;5
2023-11-09;105;UX;116;fr;basic;2;fr;2022-01-25;pc;1139;5
2023-12-05;15;UX;115;fr;intermediate;0;fr;2022-05-13;tv;1297;2
2023-08-22;162;UX;122;it;advanced;1;it;2022-09-06;pc;1330;4
2023-08-16;72;statistics;116;en;basic;0;uk;2022-10-12;pc;6123;1
2023-09-28;95;statistics;104;fr;advanced;2;fr;2022-03-10;mobile;6384;2
2023-06-20;109;UX;116;fr;advanced;1;fr;2022-08-08;pc;1330;4
2023-12-26;126;data_science;105;it;advanced;3;it;2022-03-02;mobile;335;3
2023-06-08;130;full_stack;122;fr;advanced;0;fr;2021-02-10;tv;6393;3
2022-04-28;186;statistics;109;it;intermediate;0;it;2020-08-12;tv;6267;5
2022-03-03;207;statistics;101;fr;advanced;1;fr;2020-01-11;mobile;6320;4
2023-01-11;140;data_analysis;100;fr;basic;2;fr;2021-10-03;pc;2146;1
2023-06-20;136;copywriting;107;en;intermediate;2;uk;2021-05-07;tv;5226;2
2023-04-16;180;statistics;115;en;intermediate;3;uk;2021-02-08;mobile;6296;3
2023-05-06;196;data_analysis;119;en;basic;0;uk;2022-06-04;mobile;2187;1
2023-01-06;129;statistics;109;fr;intermediate;1;fr;2022-11-10;pc;6278;5
2023-03-14;193;UX;116;it;basic;0;it;2021-11-14;pc;1159;4
2023-09-17;32;statistics;117;en;advanced;3;uk;2022-03-07;tv;6328;1
2022-06-24;239;data_science;104;en;advanced;3;uk;2020-02-04;mobile;3345;2
2022-07-26;30;statistics;121;it;advanced;0;it;2021-01-23;tv;632;4
2023-12-25;201;data_analysis;102;en;basic;1;uk;2022-11-25;pc;2110;4
2022-07-14;202;data_science;101;it;advanced;0;it;2020-02-04;tv;3334;2
2022-01-21;140;statistics;105;en;basic;3;uk;2021-10-03;tv;611;3
2021-02-07;16;copywriting;120;it;basic;3;it;2020-04-02;tv;5149;5
2023-10-19;77;statistics;117;fr;basic;2;fr;2020-06-01;tv;6126;3
2023-06-04;112;UX;104;it;advanced;2;it;2021-05-21;pc;1345;4
2023-04-17;141;copywriting;107;en;basic;3;uk;2021-05-23;mobile;5190;3
2022-02-25;7;full_stack;108;fr;advanced;0;fr;2021-09-01;mobile;632;5
2023-12-14;47;UX;118;it;basic;0;it;2022-08-10;mobile;1149;2
2023-03-16;129;data_analysis;120;it;intermediate;3;it;2022-11-10;mobile;2252;3
2023-08-25;174;data_science;114;it;intermediate;0;it;2022-02-12;tv;3264;4
2021-11-10;61;statistics;104;it;intermediate;2;it;2020-08-09;tv;6252;5
2022-04-01;74;data_analysis;112;fr;advanced;2;fr;2021-07-04;pc;2375;2
2023-12-20;126;statistics;105;it;intermediate;0;it;2022-03-02;tv;6243;3
2021-01-11;138;SEO;122;fr;advanced;0;fr;2020-04-06;mobile;6331;2
2023-01-18;227;statistics;107;it;advanced;2;it;2022-02-17;tv;6378;1
2023-06-27;177;full_stack;103;it;advanced;2;it;2022-03-17;mobile;6341;3
2023-11-06;211;statistics;118;fr;intermediate;0;fr;2021-10-17;mobile;6298;4
2023-05-23;198;statistics;101;it;advanced;3;it;2021-07-04;tv;6315;3
2023-04-10;143;statistics;120;fr;advanced;2;fr;2022-05-22;pc;6358;1
2021-06-22;19;SEO;108;it;advanced;2;it;2020-04-12;pc;6327;5
2021-10-22;151;data_analysis;112;it;basic;2;it;2020-12-02;tv;2187;5
2022-11-22;173;statistics;121;it;basic;3;it;2021-12-12;tv;6165;3
2023-06-21;184;data_analysis;101;it;advanced;1;it;2022-08-11;tv;2332;2
2022-09-25;238;full_stack;100;en;advanced;1;uk;2020-09-16;pc;638;3
2023-10-08;28;data_analysis;113;it;basic;2;it;2022-06-01;mobile;2162;4
2023-09-28;112;statistics;113;fr;advanced;1;fr;2021-05-21;pc;6337;5
2023-03-21;114;UX;119;en;basic;1;uk;2022-07-08;mobile;1125;5
2022-02-08;161;data_analysis;121;it;basic;2;it;2021-10-23;tv;215;1
2022-03-18;55;UX;119;fr;advanced;0;fr;2020-11-28;tv;1324;3
2022-11-28;3;data_analysis;107;it;advanced;1;it;2020-07-22;mobile;2341;2
2022-12-19;147;copywriting;106;it;advanced;2;it;2021-02-21;tv;5336;3
2022-02-09;149;SEO;120;en;intermediate;1;uk;2020-05-11;pc;629;2
2021-06-25;146;copywriting;109;en;advanced;3;uk;2020-04-26;tv;534;4
2022-08-09;27;statistics;116;it;basic;3;it;2021-01-12;pc;6167;2
2021-04-13;138;SEO;119;fr;basic;0;fr;2020-04-06;pc;6165;3
2023-02-27;129;copywriting;106;en;basic;2;uk;2022-11-10;tv;5185;1
2023-03-17;214;data_analysis;102;fr;advanced;0;fr;2020-03-24;tv;2325;1
2022-09-27;50;statistics;113;it;basic;2;it;2021-02-18;tv;6190;1
2021-07-19;157;statistics;117;en;advanced;2;uk;2020-02-12;mobile;6355;5
2023-06-19;149;SEO;113;en;advanced;1;uk;2020-05-11;tv;6320;5
2023-03-23;1;data_science;111;it;intermediate;1;it;2021-05-20;pc;322;3
2021-09-10;223;copywriting;103;fr;advanced;2;fr;2020-12-01;tv;5349;1
2023-04-24;43;data_science;115;en;intermediate;3;uk;2022-09-14;tv;3213;4
2023-04-26;169;statistics;107;fr;advanced;1;fr;2021-06-16;pc;6322;5
2023-01-17;168;UX;105;it;basic;1;it;2022-10-15;tv;1177;4
2023-07-08;68;copywriting;105;it;intermediate;2;it;2020-12-14;tv;5254;3
2022-06-14;194;UX;111;it;intermediate;0;it;2021-08-21;tv;1242;4
2021-11-21;199;statistics;113;fr;advanced;1;fr;2020-07-27;pc;6330;2
2022-08-19;84;statistics;110;fr;intermediate;2;fr;2020-06-09;tv;6246;1
2023-07-03;6;statistics;112;it;advanced;2;it;2020-09-14;tv;6368;3
2022-05-19;7;full_stack;117;it;intermediate;2;it;2021-09-01;tv;6214;1
2022-01-25;130;statistics;111;fr;intermediate;3;fr;2021-02-10;pc;6269;5
2022-11-27;83;data_analysis;103;fr;advanced;3;fr;2020-07-23;pc;2369;2
2023-12-17;82;statistics;113;it;intermediate;2;it;2022-01-21;pc;6226;5
2023-03-16;64;statistics;101;en;basic;1;uk;2022-11-04;pc;6194;5
2022-04-22;235;statistics;122;it;advanced;1;it;2021-02-11;tv;6364;3
2023-01-10;210;data_science;114;en;advanced;3;uk;2022-09-24;mobile;3366;2
2022-09-18;96;data_science;121;fr;advanced;2;fr;2020-12-03;pc;3353;4
2021-09-23;19;copywriting;119;it;advanced;1;it;2020-04-12;pc;536;2
2023-11-19;18;data_analysis;120;fr;advanced;1;fr;2021-12-14;tv;2373;2
2023-07-25;80;UX;116;it;advanced;2;it;2021-07-07;pc;1359;1
2021-08-08;65;UX;121;it;advanced;1;it;2020-05-04;pc;1334;2
2023-09-04;35;UX;103;it;intermediate;0;it;2022-07-19;pc;1288;4
2023-08-09;105;statistics;114;en;advanced;0;uk;2022-01-25;tv;6338;1
2022-10-09;116;copywriting;112;en;basic;2;uk;2021-10-09;tv;5164;2
2023-06-09;238;UX;121;it;advanced;3;it;2020-09-16;pc;1338;3
2022-07-18;71;data_analysis;116;it;advanced;0;it;2021-05-10;tv;2344;5
2022-01-24;149;statistics;102;en;intermediate;2;uk;2020-05-11;tv;628;3
2021-08-27;192;full_stack;109;fr;basic;2;fr;2020-05-01;tv;6135;4
2022-09-07;225;SEO;119;it;basic;1;it;2020-12-25;pc;6134;4
2021-12-02;151;statistics;121;it;advanced;3;it;2020-12-02;mobile;6338;2
2023-04-27;74;SEO;101;en;advanced;2;uk;2021-07-04;pc;6392;4
2023-02-14;152;data_science;110;fr;advanced;2;fr;2021-10-01;mobile;3313;3
2023-03-03;213;SEO;101;it;intermediate;2;it;2021-09-24;tv;621;5
2023-04-19;118;full_stack;115;it;basic;3;it;2021-04-27;pc;614;4
2022-01-17;212;data_analysis;118;fr;advanced;1;fr;2020-02-27;tv;2349;2
2022-11-09;83;SEO;106;it;basic;0;it;2020-07-23;tv;6196;3
2022-07-28;203;UX;117;it;intermediate;3;it;2021-03-28;pc;1290;5
2022-10-06;138;data_science;100;it;intermediate;1;it;2020-04-06;mobile;3229;1
2023-01-18;123;statistics;100;fr;intermediate;2;fr;2021-09-19;tv;6275;5
